{
    "A" : {
        "First Moment" : 4,
        "Second Moment" : 0,
        "Zeroth Moment" : 0,
        "beta" : 10.2,
        "imag" : [ -1.361228870586596, -1.233678928685995, -1.091757560476771, -0.9679592305991166, -0.8657820244505874, -0.7811758949435699, -0.7097568622173801, -0.6512863226704803, -0.5996223383330145, -0.5541653980295065, -0.5164176264761762, -0.4806050029077129, -0.4516240704472776, -0.4240979952270721, -0.3994568281858874, -0.3794829864589725, -0.3588556452973255, -0.3413872511265549, -0.3248694961698727, -0.312068156096553, -0.2981400222559825, -0.2840946512423114, -0.2737708962394236, -0.26265841947668, -0.2525923683982572 ],
        "real" : [ -0.001000057068634708, -0.06587972719405009, -0.07039617821143256, -0.06499401808645047, -0.05946434117260477, -0.05352861322637842, -0.04847708718498618, -0.04450427943775902, -0.04030032609487597, -0.03800741543106258, -0.03311391891394018, -0.02899843187667191, -0.02727196087396893, -0.02731239099755148, -0.02539593767282331, -0.02094777294129851, -0.02045428595738676, -0.01797567841435802, -0.01574457057015935, -0.01546322927361964, -0.01334673322398295, -0.01244869881092064, -0.01194792696173735, -0.009982560438952962, -0.008931507202729498 ]
    }
}