{
    "A" : {
        "First Moment" : 4,
        "Second Moment" : 0,
        "Zeroth Moment" : 0,
        "beta" : 10,
        "imag" : [ -1.308229472253348, -1.269609014146462, -1.149602834677778, -1.028983134286954, -0.9216433439109529, -0.8293642308004225, -0.7505654378103055, -0.6831911804488587, -0.6253288059508866, -0.5761147451177026, -0.5334345905774679, -0.4951600869210534, -0.4613063423319408, -0.4328738291141052, -0.4065424155241638, -0.3841000958718386, -0.3639080487044302, -0.3449389787691348, -0.3289893107709648, -0.3125161346701117, -0.2987265389851849, -0.2856077789741203, -0.2743639254413546, -0.2624509378798988 ],
        "real" : [ 5.118474404591788e-05, 0.0001040388525210267, 0.0001328335991719054, 0.0003929955607687718, 0.0001188224516359415, -1.867039834821393e-05, 0.0002997150265375559, 0.0001627915639138, -9.276735990734752e-05, 0.0007947918369593243, -7.07598792609454e-05, 0.0002300713781996783, 0.001098595758084686, 0.001051975752609624, 0.0007178279691490153, -0.0001594022127833911, -0.0004213944709476475, 3.878637999334134e-05, -8.421257405426263e-05, -0.0001108257796509915, 0.0004231827604967778, -9.086135101761539e-05, -9.62605528276525e-05, 0.0004327232558616612 ]
    }
}